,date,type,hnl
0,2022-01-01,Salas,828128430.5
1,2022-01-01,Agencias,108137118.71000001
2,2022-01-02,Salas,828128430.5
3,2022-01-02,Agencias,108137118.71000001
4,2022-01-03,Salas,832107740.8799999
5,2022-01-03,Agencias,108473545.13
6,2022-01-04,Salas,715666510.3799999
7,2022-01-04,Agencias,128926232.93
8,2022-01-05,Salas,698540237.3599999
9,2022-01-05,Agencias,100694661.77
10,2022-01-06,Salas,750499028.3600001
11,2022-01-06,Agencias,105516582.71000002
12,2022-01-07,Salas,666597362.7900001
13,2022-01-07,Agencias,110182637.93
14,2022-01-08,Salas,704357040.14
15,2022-01-08,Agencias,100136099.2
16,2022-01-09,Salas,764875632.9199998
17,2022-01-09,Agencias,96641392.85000001
18,2022-01-10,Salas,765981784.5799997
19,2022-01-10,Agencias,97088949.25
20,2022-01-11,Salas,641954444.3399996
21,2022-01-11,Agencias,114180734.96
22,2022-01-12,Salas,666095058.0500002
23,2022-01-12,Agencias,113483814.06
24,2022-01-13,Salas,683441294.7700002
25,2022-01-13,Agencias,101023201.80999999
26,2022-01-14,Salas,684267369.7300001
27,2022-01-14,Agencias,105120521.2
28,2022-01-15,Salas,651148034.9500003
29,2022-01-15,Agencias,100950197.50999998
30,2022-01-16,Salas,690186175.5200007
31,2022-01-16,Agencias,93567825.21000001
32,2022-01-17,Salas,689716849.1200005
33,2022-01-17,Agencias,93892220.56
34,2022-01-18,Salas,574895027.0699999
35,2022-01-18,Agencias,82550802.33999999
36,2022-01-19,Salas,682726864.6899998
37,2022-01-19,Agencias,108928203.19999999
38,2022-01-20,Salas,708045962.0899999
39,2022-01-20,Agencias,105778978.39999999
40,2022-01-21,Salas,702496253.4399999
41,2022-01-21,Agencias,104596091.05999997
42,2022-01-22,Salas,653371935.61
43,2022-01-22,Agencias,99899449.46000002
44,2022-01-23,Salas,686423006.3300002
45,2022-01-23,Agencias,87595836.19999996
46,2022-01-24,Salas,685932182.19
47,2022-01-24,Agencias,91234359.42999996
48,2022-01-25,Salas,603824587.9199998
49,2022-01-25,Agencias,101158391.6
50,2022-01-26,Salas,592725867.5999997
51,2022-01-26,Agencias,98885753.17
52,2022-01-27,Salas,968381246.2200005
53,2022-01-27,Agencias,101117623.02
54,2022-01-28,Salas,899644543.49
55,2022-01-28,Agencias,113613793.66000003
56,2022-01-29,Salas,836626930.9400004
57,2022-01-29,Agencias,103003991.32
58,2022-01-31,Salas,848159791.21
59,2022-01-31,Agencias,106281930.62000003
60,2022-02-01,Salas,643019340.8599998
61,2022-02-01,Agencias,101654719.64000002
62,2022-02-02,Salas,709189777.93
63,2022-02-02,Agencias,99473889.49999997
64,2022-02-03,Salas,732425363.9699999
65,2022-02-03,Agencias,99895036.21999998
66,2022-02-04,Salas,758654500.6399999
67,2022-02-04,Agencias,109203000.71
68,2022-02-05,Salas,688715416.3
69,2022-02-05,Agencias,95660426.51000002
70,2022-02-06,Salas,739178717.3699999
71,2022-02-06,Agencias,89250329.65
72,2022-02-07,Salas,739026344.5699998
73,2022-02-07,Agencias,89351159.59
74,2022-02-08,Salas,659873444.9600002
75,2022-02-08,Agencias,90287082.92
76,2022-02-09,Salas,609511709.2900001
77,2022-02-09,Agencias,95543389.11999999
78,2022-02-10,Salas,733105899.0500004
79,2022-02-10,Agencias,112372172.66
80,2022-02-11,Salas,683650362.2400001
81,2022-02-11,Agencias,117499330.91
82,2022-02-12,Salas,730187071.2700002
83,2022-02-12,Agencias,111825920.72999999
84,2022-02-13,Salas,752916254.6400001
85,2022-02-13,Agencias,92837933.30000001
86,2022-02-14,Salas,754206869.1500001
87,2022-02-14,Agencias,92541033.89
88,2022-02-15,Salas,669196809.64
89,2022-02-15,Agencias,106096453.08999997
90,2022-02-16,Salas,647282367.9999998
91,2022-02-16,Agencias,100346183.36000001
92,2022-02-17,Salas,696151504.4299998
93,2022-02-17,Agencias,96337001.37000003
94,2022-02-18,Salas,728352078.4600003
95,2022-02-18,Agencias,100203907.78
96,2022-02-19,Salas,688796277.09
97,2022-02-19,Agencias,102024491.28999996
98,2022-02-20,Salas,702532805.41
99,2022-02-20,Agencias,94588783.24999997
100,2022-02-21,Salas,702004859.42
101,2022-02-21,Agencias,94643058.59999996
102,2022-02-22,Salas,598741827.5300001
103,2022-02-22,Agencias,91850982.09
104,2022-02-23,Salas,690953091.92
105,2022-02-23,Agencias,101548341.65000002
106,2022-02-24,Salas,724226193.2899997
107,2022-02-24,Agencias,98049341.90000002
108,2022-02-25,Salas,704149833.0599997
109,2022-02-25,Agencias,99250518.87
110,2022-02-26,Salas,670863525.8799996
111,2022-02-26,Agencias,99131137.01
112,2022-02-27,Salas,701930648.2700001
113,2022-02-27,Agencias,97932029.80000001
114,2022-02-28,Salas,701639177.0000001
115,2022-02-28,Agencias,97398190.15000004
116,2022-03-01,Salas,701928458.2700002
117,2022-03-01,Agencias,98751324.77
118,2022-03-02,Salas,623169058.4000001
119,2022-03-02,Agencias,102284109.47000001
120,2022-03-03,Salas,704070117.6
121,2022-03-03,Agencias,93466701.5
122,2022-03-04,Salas,727276839.4600003
123,2022-03-04,Agencias,96101525.16000001
124,2022-03-05,Salas,671345059.4300003
125,2022-03-05,Agencias,105972236.00999999
126,2022-03-06,Salas,714076676.7300003
127,2022-03-06,Agencias,98481431.49999999
128,2022-03-07,Salas,715125442.0500002
129,2022-03-07,Agencias,97812090.94999997
130,2022-03-08,Salas,598618676.7900001
131,2022-03-08,Agencias,102933586.83000001
132,2022-03-09,Salas,616875009.44
133,2022-03-09,Agencias,97866936.14999999
134,2022-03-10,Salas,667983301.6700003
135,2022-03-10,Agencias,101691921.88999999
136,2022-03-11,Salas,701330341.9699999
137,2022-03-11,Agencias,122809380.82000004
138,2022-03-12,Salas,652943553.2000002
139,2022-03-12,Agencias,114177982.26
140,2022-03-13,Salas,696149279.6099998
141,2022-03-13,Agencias,102114962.75999999
142,2022-03-14,Salas,698069135.9799998
143,2022-03-14,Agencias,102060937.9
144,2022-03-15,Salas,777266039.5499998
145,2022-03-15,Agencias,117038380.29000002
146,2022-03-16,Salas,790618336.0099996
147,2022-03-16,Agencias,99376247.10999998
148,2022-03-17,Salas,749518800.1400002
149,2022-03-17,Agencias,97018711.81
150,2022-03-18,Salas,665623284.8399997
151,2022-03-18,Agencias,99137642.18999998
152,2022-03-19,Salas,715190985.43
153,2022-03-19,Agencias,96337503.01000002
154,2022-03-20,Salas,730563160.8399999
155,2022-03-20,Agencias,93487602.89999998
156,2022-03-21,Salas,731814723.04
157,2022-03-21,Agencias,93064655.79999998
158,2022-03-22,Salas,557934851.0199996
159,2022-03-22,Agencias,109302238.78000002
160,2022-03-23,Salas,655995654.66
161,2022-03-23,Agencias,105032290.44000001
162,2022-03-24,Salas,687929094.8599999
163,2022-03-24,Agencias,102661756.99
164,2022-03-25,Salas,609002009.0799999
165,2022-03-25,Agencias,93419092.63000001
166,2022-03-26,Salas,808141215.8099998
167,2022-03-26,Agencias,91924065.70000002
168,2022-03-27,Salas,799880753.0800002
169,2022-03-27,Agencias,103887755.69
170,2022-03-28,Salas,803524803.3300003
171,2022-03-28,Agencias,102836514.31
172,2022-03-29,Salas,991035094.0500001
173,2022-03-29,Agencias,124695833.74000004
174,2022-03-30,Salas,1137187879.1599998
175,2022-03-30,Agencias,119704905.9
176,2022-03-31,Salas,1140039335.85
177,2022-03-31,Agencias,108037220.15000002
178,2022-04-01,Salas,1009388080.1500001
179,2022-04-01,Agencias,104633984.58999997
180,2022-04-02,Salas,650556147.1300002
181,2022-04-02,Agencias,89108541.31
182,2022-04-03,Salas,637165401.6199999
183,2022-04-03,Agencias,96169132.57
184,2022-04-04,Salas,632597730.4299997
185,2022-04-04,Agencias,95003303.10999997
186,2022-04-05,Salas,690680023.79
187,2022-04-05,Agencias,91009503.28
188,2022-04-06,Salas,939397843.6599997
189,2022-04-06,Agencias,102308192.03
190,2022-04-07,Salas,1005418270.18
191,2022-04-07,Agencias,121722375.28000002
192,2022-04-08,Salas,1064365009.4999996
193,2022-04-08,Agencias,129451363.13000004
194,2022-04-09,Salas,1165903525.2100003
195,2022-04-09,Agencias,125957238.42
196,2022-04-10,Salas,1127811925.9099996
197,2022-04-10,Agencias,138678612.97000003
198,2022-04-11,Salas,1128049798.62
199,2022-04-11,Agencias,140425593.05
200,2022-04-12,Salas,1333189354.96
201,2022-04-12,Agencias,163785401.41
202,2022-04-13,Salas,1479549221.0100002
203,2022-04-13,Agencias,146087375.96
204,2022-04-14,Salas,1503706258.42
205,2022-04-14,Agencias,123708444.20999998
206,2022-04-15,Salas,1503144202.07
207,2022-04-15,Agencias,125247393.62000002
208,2022-04-16,Salas,1503136900.56
209,2022-04-16,Agencias,125247393.62000002
210,2022-04-17,Salas,1503129860.56
211,2022-04-17,Agencias,125259578.62000002
212,2022-04-18,Salas,1529434355.3799999
213,2022-04-18,Agencias,126236698.10000001
214,2022-04-19,Salas,1406462509.9999995
215,2022-04-19,Agencias,153706917.83999997
216,2022-04-20,Salas,1450015111.3700001
217,2022-04-20,Agencias,143789854.83
218,2022-04-21,Salas,1312461847.9999995
219,2022-04-21,Agencias,128896610.31000002
220,2022-04-22,Salas,1231269209.1100001
221,2022-04-22,Agencias,121947167.06000002
222,2022-04-23,Salas,1123500415.2400005
223,2022-04-23,Agencias,104235684.79000004
224,2022-04-25,Salas,1127613779.58
225,2022-04-25,Agencias,113337964.03
226,2022-04-26,Salas,980658382.7999998
227,2022-04-26,Agencias,120320114.14000002
228,2022-04-27,Salas,1053285673.4800001
229,2022-04-27,Agencias,121302885.66999997
230,2022-04-28,Salas,1022777678.3699999
231,2022-04-28,Agencias,128474800.93999998
232,2022-04-29,Salas,915407298.8899999
233,2022-04-29,Agencias,124321420.52000003
234,2022-04-30,Salas,1008517184.8100002
235,2022-04-30,Agencias,112462743.82999998
236,2022-05-01,Salas,1022491373.51
237,2022-05-01,Agencias,102388393.94999997
238,2022-05-02,Salas,1022491373.51
239,2022-05-02,Agencias,102388393.94999997
240,2022-05-03,Salas,745573557.2400001
241,2022-05-03,Agencias,116295707.95
242,2022-05-04,Salas,851713887.7099998
243,2022-05-04,Agencias,112795861.06999998
244,2022-05-05,Salas,925461464.67
245,2022-05-05,Agencias,112225031.90999998
246,2022-05-06,Salas,868277641.5499998
247,2022-05-06,Agencias,111175051.52
248,2022-05-07,Salas,826556662.6400001
249,2022-05-07,Agencias,97992224.75
250,2022-05-08,Salas,840752312.2299998
251,2022-05-08,Agencias,106407975.80000001
252,2022-05-09,Salas,842753783.3499998
253,2022-05-09,Agencias,106266956.93
254,2022-05-10,Salas,745879942.7600003
255,2022-05-10,Agencias,133586888.8
256,2022-05-11,Salas,788395746.15
257,2022-05-11,Agencias,141650170.01999998
258,2022-05-12,Salas,875434333.9900002
259,2022-05-12,Agencias,139902375.23
260,2022-05-13,Salas,834841835.8300002
261,2022-05-13,Agencias,129703159.58999999
262,2022-05-14,Salas,769098083.9799997
263,2022-05-14,Agencias,107667240.93000005
264,2022-05-15,Salas,743562849.7900001
265,2022-05-15,Agencias,105228751.15
266,2022-05-16,Salas,744083507.49
267,2022-05-16,Agencias,108666995.49000001
268,2022-05-17,Salas,573014877.33
269,2022-05-17,Agencias,129296520.75000003
270,2022-05-18,Salas,687682565.79
271,2022-05-18,Agencias,122850328.54
272,2022-05-19,Salas,834818433.2600002
273,2022-05-19,Agencias,111756841.19999999
274,2022-05-20,Salas,740437843.0999999
275,2022-05-20,Agencias,111328797.85000001
276,2022-05-21,Salas,662517981.4900002
277,2022-05-21,Agencias,104374995.16999999
278,2022-05-22,Salas,698076436.6700003
279,2022-05-22,Agencias,103593255.3
280,2022-05-23,Salas,698241689.6200002
281,2022-05-23,Agencias,103262136.46000001
282,2022-05-24,Salas,606078883.6599997
283,2022-05-24,Agencias,123049474.41
284,2022-05-25,Salas,676462809.4600003
285,2022-05-25,Agencias,119681177.34999998
286,2022-05-26,Salas,685925180.5400002
287,2022-05-26,Agencias,112068922.92999998
288,2022-05-27,Salas,724348513.4899999
289,2022-05-27,Agencias,114717881.00000001
290,2022-05-28,Salas,796218755.5399998
291,2022-05-28,Agencias,103957063.28999998
292,2022-05-29,Salas,800454741.8500001
293,2022-05-29,Agencias,99778672.91999997
294,2022-05-30,Salas,801770813.5400002
295,2022-05-30,Agencias,99312545.71999998
296,2022-05-31,Salas,714794149.22
297,2022-05-31,Agencias,118865652.82000001
298,2022-06-01,Salas,791786541.9700003
299,2022-06-01,Agencias,100845312.41000003
300,2022-06-02,Salas,733722521.7699999
301,2022-06-02,Agencias,89735371.32000004
302,2022-06-03,Salas,735649601.62
303,2022-06-03,Agencias,90982143.02000001
304,2022-06-04,Salas,951291730.1600003
305,2022-06-04,Agencias,88691518.23
306,2022-06-05,Salas,978059599.5299999
307,2022-06-05,Agencias,95193544.91000001
308,2022-06-06,Salas,977898982.7199998
309,2022-06-06,Agencias,95658039.61
310,2022-06-07,Salas,890533072.9600002
311,2022-06-07,Agencias,102708510.21999998
312,2022-06-08,Salas,979278663.2900001
313,2022-06-08,Agencias,102239071.27000001
314,2022-06-09,Salas,981485162.4599999
315,2022-06-09,Agencias,114067426.98000003
316,2022-06-10,Salas,1020020005.3200002
317,2022-06-10,Agencias,110591998.59000002
318,2022-06-11,Salas,1084668912.3199997
319,2022-06-11,Agencias,118510749.4
320,2022-06-13,Salas,1116547821.3800006
321,2022-06-13,Agencias,116689200.76000002
322,2022-06-14,Salas,813303077.66
323,2022-06-14,Agencias,125639961.55
324,2022-06-15,Salas,898817949.7800001
325,2022-06-15,Agencias,128125130.07
326,2022-06-16,Salas,810398352.1800001
327,2022-06-16,Agencias,112491040.57
328,2022-06-17,Salas,797368672.5199996
329,2022-06-17,Agencias,112915302.05000001
330,2022-06-18,Salas,845926881.4099998
331,2022-06-18,Agencias,109661313.63000001
332,2022-06-19,Salas,905286785.2099998
333,2022-06-19,Agencias,112354388.7
334,2022-06-20,Salas,906838948.2099998
335,2022-06-20,Agencias,112253850.47999999
336,2022-06-21,Salas,730495416.86
337,2022-06-21,Agencias,115110585.86000004
338,2022-06-22,Salas,792178707.4299998
339,2022-06-22,Agencias,108175381.67999996
340,2022-06-23,Salas,878601398.5900005
341,2022-06-23,Agencias,112190663.95000002
342,2022-06-24,Salas,738069348.7800003
343,2022-06-24,Agencias,117970182.69000001
344,2022-06-25,Salas,801153659.5000001
345,2022-06-25,Agencias,101841996.86999996
346,2022-06-26,Salas,842398185.0
347,2022-06-26,Agencias,100277690.36999999
348,2022-06-27,Salas,844324972.64
349,2022-06-27,Agencias,100335472.76999998
350,2022-06-28,Salas,607266876.2900002
351,2022-06-28,Agencias,119268919.70000002
352,2022-06-29,Salas,803499260.4599998
353,2022-06-29,Agencias,116384053.40999998
354,2022-06-30,Salas,875207717.9100002
355,2022-06-30,Agencias,124312973.08999999
356,2022-07-01,Salas,897526764.2699997
357,2022-07-01,Agencias,116305258.30000001
358,2022-07-02,Salas,741023079.4599998
359,2022-07-02,Agencias,99392851.89000002
360,2022-07-03,Salas,761160582.5199999
361,2022-07-03,Agencias,96764899.03
362,2022-07-04,Salas,760718969.42
363,2022-07-04,Agencias,96167438.01000002
364,2022-07-05,Salas,562872342.9900001
365,2022-07-05,Agencias,104787858.16
366,2022-07-06,Salas,730670732.9199997
367,2022-07-06,Agencias,110201202.39000003
368,2022-07-07,Salas,802579168.94
369,2022-07-07,Agencias,113460444.18
370,2022-07-08,Salas,802173552.1499999
371,2022-07-08,Agencias,119176818.82
372,2022-07-09,Salas,794112568.0100003
373,2022-07-09,Agencias,110528462.52
374,2022-07-10,Salas,847553175.7199999
375,2022-07-10,Agencias,108205143.65999998
376,2022-07-11,Salas,848866504.77
377,2022-07-11,Agencias,108746165.30999999
378,2022-07-12,Salas,742149589.5499998
379,2022-07-12,Agencias,140007468.07000002
380,2022-07-13,Salas,789453252.1000004
381,2022-07-13,Agencias,118284040.87999998
382,2022-07-14,Salas,891900253.3499999
383,2022-07-14,Agencias,113655234.95
384,2022-07-15,Salas,845190840.1000001
385,2022-07-15,Agencias,126658796.69
386,2022-07-16,Salas,693638881.0600002
387,2022-07-16,Agencias,112941802.66999997
388,2022-07-17,Salas,725813883.9999998
389,2022-07-17,Agencias,109710168.26999997
390,2022-07-18,Salas,728609030.1599998
391,2022-07-18,Agencias,109343275.26999998
392,2022-07-19,Salas,669784142.43
393,2022-07-19,Agencias,113725007.1
394,2022-07-20,Salas,734963236.6699997
395,2022-07-20,Agencias,113095255.29000002
396,2022-07-21,Salas,762755476.8699999
397,2022-07-21,Agencias,121122645.11
398,2022-07-22,Salas,686515318.8300002
399,2022-07-22,Agencias,116121638.03000003
400,2022-07-23,Salas,711298444.1799998
401,2022-07-23,Agencias,100983093.69
402,2022-07-24,Salas,748183465.1300002
403,2022-07-24,Agencias,100696518.22
404,2022-07-25,Salas,749380564.8000001
405,2022-07-25,Agencias,99772660.92999999
406,2022-07-26,Salas,729039140.6000004
407,2022-07-26,Agencias,99130219.65999998
408,2022-07-27,Salas,744430848.4999999
409,2022-07-27,Agencias,114368379.67999998
410,2022-07-28,Salas,728782173.9999999
411,2022-07-28,Agencias,106520419.86
412,2022-07-29,Salas,816002284.5600004
413,2022-07-29,Agencias,120101526.79
414,2022-07-30,Salas,753883596.17
415,2022-07-30,Agencias,104110429.44999997
416,2022-07-31,Salas,784846155.22
417,2022-07-31,Agencias,99584196.19000001
418,2022-08-01,Salas,788621527.16
419,2022-08-01,Agencias,98556307.47999999
420,2022-08-02,Salas,498639720.20000005
421,2022-08-02,Agencias,101036618.35
422,2022-08-03,Salas,803540859.8599999
423,2022-08-03,Agencias,98494986.96
424,2022-08-04,Salas,885027140.36
425,2022-08-04,Agencias,103961943.20000002
426,2022-08-05,Salas,796925689.87
427,2022-08-05,Agencias,104739783.56000002
428,2022-08-06,Salas,663887027.02
429,2022-08-06,Agencias,99699366.98999998
430,2022-08-07,Salas,710870453.4600003
431,2022-08-07,Agencias,100958387.31999995
432,2022-08-08,Salas,708338822.1600002
433,2022-08-08,Agencias,100548726.93999995
434,2022-08-09,Salas,790026303.6400001
435,2022-08-09,Agencias,108918955.87999997
436,2022-08-10,Salas,730207975.9000002
437,2022-08-10,Agencias,119064392.85
438,2022-08-11,Salas,802977066.85
439,2022-08-11,Agencias,110831664.75
440,2022-08-12,Salas,761429161.67
441,2022-08-12,Agencias,131953329.96000001
442,2022-08-13,Salas,765310256.8800005
443,2022-08-13,Agencias,103059116.17000003
444,2022-08-14,Salas,817844427.0100001
445,2022-08-14,Agencias,101430784.74
446,2022-08-15,Salas,817930170.9000001
447,2022-08-15,Agencias,100892877.14999999
448,2022-08-16,Salas,635345999.8500001
449,2022-08-16,Agencias,114554419.26000002
450,2022-08-17,Salas,673350579.5899998
451,2022-08-17,Agencias,107276564.62999998
452,2022-08-18,Salas,724138570.2099996
453,2022-08-18,Agencias,108108402.36999999
454,2022-08-19,Salas,718597983.4599999
455,2022-08-19,Agencias,108901108.87000002
456,2022-08-20,Salas,777408295.4999996
457,2022-08-20,Agencias,99648239.22000003
458,2022-08-21,Salas,777252581.3399997
459,2022-08-21,Agencias,101216089.09000002
460,2022-08-22,Salas,778561724.1999997
461,2022-08-22,Agencias,101370927.65000002
462,2022-08-23,Salas,636675039.8199998
463,2022-08-23,Agencias,102940349.78999999
464,2022-08-24,Salas,699474078.5099999
465,2022-08-24,Agencias,118638399.94000001
466,2022-08-25,Salas,780042487.1200002
467,2022-08-25,Agencias,112567979.04999998
468,2022-08-26,Salas,726815864.46
469,2022-08-26,Agencias,112912258.98
470,2022-08-27,Salas,739815206.1500002
471,2022-08-27,Agencias,93629813.35999998
472,2022-08-28,Salas,757628125.0300002
473,2022-08-28,Agencias,96342309.43
474,2022-08-29,Salas,759585977.3800004
475,2022-08-29,Agencias,96179147.2
476,2022-08-30,Salas,636815117.81
477,2022-08-30,Agencias,110701060.38000001
478,2022-08-31,Salas,719005054.1399999
479,2022-08-31,Agencias,114365895.71000001
480,2022-09-01,Salas,751341756.5500004
481,2022-09-01,Agencias,116485108.84000005
482,2022-09-02,Salas,672046619.2500001
483,2022-09-02,Agencias,113325946.37999998
484,2022-09-03,Salas,679401307.9900001
485,2022-09-03,Agencias,98813318.42999999
486,2022-09-04,Salas,691390069.05
487,2022-09-04,Agencias,95871459.18999998
488,2022-09-05,Salas,689558073.71
489,2022-09-05,Agencias,95190912.08999999
490,2022-09-06,Salas,559684448.0900002
491,2022-09-06,Agencias,102536677.59
492,2022-09-07,Salas,739483371.3499999
493,2022-09-07,Agencias,124914348.72999999
494,2022-09-08,Salas,717023832.4599999
495,2022-09-08,Agencias,110820564.96000002
496,2022-09-09,Salas,746193812.6600001
497,2022-09-09,Agencias,114352476.07000001
498,2022-09-10,Salas,704675314.9199997
499,2022-09-10,Agencias,110671110.71000001
500,2022-09-11,Salas,730358619.0299999
501,2022-09-11,Agencias,113722700.74
502,2022-09-12,Salas,733985773.3399998
503,2022-09-12,Agencias,113824382.03999999
504,2022-09-13,Salas,755478618.6400003
505,2022-09-13,Agencias,124803621.18000004
506,2022-09-14,Salas,866521421.5599998
507,2022-09-14,Agencias,122089612.97
508,2022-09-15,Salas,770053089.5199996
509,2022-09-15,Agencias,111877096.91000001
510,2022-09-16,Salas,770201282.5299996
511,2022-09-16,Agencias,113839008.62999998
512,2022-09-17,Salas,773080957.4400004
513,2022-09-17,Agencias,104887024.58999999
514,2022-09-18,Salas,803527967.2300001
515,2022-09-18,Agencias,103655137.99
516,2022-09-19,Salas,805766801.6900003
517,2022-09-19,Agencias,103913957.64999998
518,2022-09-20,Salas,698501647.3800001
519,2022-09-20,Agencias,106618742.60000004
520,2022-09-21,Salas,753722790.8700001
521,2022-09-21,Agencias,118217218.39000002
522,2022-09-22,Salas,747375244.54
523,2022-09-22,Agencias,117051058.50000003
524,2022-09-23,Salas,716628138.7700001
525,2022-09-23,Agencias,108715975.96000001
526,2022-09-24,Salas,716679320.9500003
527,2022-09-24,Agencias,98024463.23999996
528,2022-09-25,Salas,744064588.6700002
529,2022-09-25,Agencias,97866383.10999998
530,2022-09-26,Salas,743651855.3100001
531,2022-09-26,Agencias,98380025.46
532,2022-09-27,Salas,689105570.8199999
533,2022-09-27,Agencias,111637526.11999997
534,2022-09-28,Salas,732800050.9199996
535,2022-09-28,Agencias,110878156.13
536,2022-09-29,Salas,826476003.2200004
537,2022-09-29,Agencias,117442744.43000002
538,2022-09-30,Salas,754264915.91
539,2022-09-30,Agencias,121811245.10999998
540,2022-10-01,Salas,754054828.5900002
541,2022-10-01,Agencias,96918479.03000002
542,2022-10-02,Salas,738310234.69
543,2022-10-02,Agencias,87346399.01
544,2022-10-03,Salas,737671759.15
545,2022-10-03,Agencias,86904129.29
546,2022-10-04,Salas,589683358.83
547,2022-10-04,Agencias,102793257.72999997
548,2022-10-05,Salas,858677817.4000001
549,2022-10-05,Agencias,105397450.92999998
550,2022-10-06,Salas,880706344.5600002
551,2022-10-06,Agencias,98361324.52
552,2022-10-07,Salas,879767492.53
553,2022-10-07,Agencias,97866993.16999999
554,2022-10-08,Salas,877511821.4900001
555,2022-10-08,Agencias,95768107.19
556,2022-10-09,Salas,884385981.68
557,2022-10-09,Agencias,99919396.12
558,2022-10-10,Salas,923782932.8
559,2022-10-10,Agencias,99118945.2
560,2022-10-11,Salas,915075166.1199998
561,2022-10-11,Agencias,128278406.75999999
562,2022-10-12,Salas,854998720.78
563,2022-10-12,Agencias,142325768.32999998
564,2022-10-13,Salas,849430881.1
565,2022-10-13,Agencias,129933359.33999999
566,2022-10-14,Salas,828442579.5999998
567,2022-10-14,Agencias,121264494.29
568,2022-10-15,Salas,777583798.5
569,2022-10-15,Agencias,104738401.41
570,2022-10-16,Salas,798083869.2799999
571,2022-10-16,Agencias,101978146.80000001
572,2022-10-17,Salas,797637975.03
573,2022-10-17,Agencias,102813031.39999999
574,2022-10-18,Salas,607789799.88
575,2022-10-18,Agencias,113196621.46999998
576,2022-10-19,Salas,741601969.3199998
577,2022-10-19,Agencias,120285477.62
578,2022-10-20,Salas,732786304.0600001
579,2022-10-20,Agencias,124455626.84000002
580,2022-10-21,Salas,743803883.1299999
581,2022-10-21,Agencias,125956192.89000002
582,2022-10-22,Salas,734548963.26
583,2022-10-22,Agencias,115248331.06000002
584,2022-10-23,Salas,783344160.0699999
585,2022-10-23,Agencias,119933594.27999999
586,2022-10-24,Salas,783379854.6499999
587,2022-10-24,Agencias,119474286.31999998
588,2022-10-25,Salas,684672531.8000003
589,2022-10-25,Agencias,109780603.14000002
590,2022-10-26,Salas,749047166.0899997
591,2022-10-26,Agencias,126743842.74
592,2022-10-27,Salas,759989164.6399997
593,2022-10-27,Agencias,118390436.30999999
594,2022-10-28,Salas,760680441.0999995
595,2022-10-28,Agencias,117773260.68
596,2022-10-29,Salas,780372400.4199997
597,2022-10-29,Agencias,101967022.81999996
598,2022-10-30,Salas,773518187.1900004
599,2022-10-30,Agencias,98629580.52000001
600,2022-10-31,Salas,774246423.9000003
601,2022-10-31,Agencias,97244368.24000001
602,2022-11-01,Salas,662980182.55
603,2022-11-01,Agencias,107387885.61000001
604,2022-11-02,Salas,663838386.4899998
605,2022-11-02,Agencias,101192619.28000002
606,2022-11-03,Salas,713041605.1700002
607,2022-11-03,Agencias,100280049.01000004
608,2022-11-04,Salas,677260857.5999998
609,2022-11-04,Agencias,127494488.55
610,2022-11-05,Salas,657246103.0500001
611,2022-11-05,Agencias,106198102.67999999
612,2022-11-06,Salas,681550233.86
613,2022-11-06,Agencias,113533141.18
614,2022-11-07,Salas,686139386.3899999
615,2022-11-07,Agencias,112936955.67
616,2022-11-08,Salas,648662813.7200003
617,2022-11-08,Agencias,118591740.50000001
618,2022-11-09,Salas,730954806.7100003
619,2022-11-09,Agencias,137513353.20000002
620,2022-11-10,Salas,835688879.2799997
621,2022-11-10,Agencias,126976074.99999999
622,2022-11-11,Salas,760487244.0800002
623,2022-11-11,Agencias,140105110.17
624,2022-11-12,Salas,757732440.96
625,2022-11-12,Agencias,134439276.63000003
626,2022-11-13,Salas,816866427.3300004
627,2022-11-13,Agencias,104931466.51999998
628,2022-11-14,Salas,818666951.3100004
629,2022-11-14,Agencias,104737102.63999999
630,2022-11-15,Salas,725508890.0400001
631,2022-11-15,Agencias,127303940.67000002
632,2022-11-16,Salas,761544495.6999996
633,2022-11-16,Agencias,121488678.96
634,2022-11-17,Salas,730490991.9900004
635,2022-11-17,Agencias,124742087.15000002
636,2022-11-18,Salas,652233969.4599998
637,2022-11-18,Agencias,128129556.35
638,2022-11-19,Salas,791360523.0399997
639,2022-11-19,Agencias,123942812.20000003
640,2022-11-20,Salas,811541847.2099998
641,2022-11-20,Agencias,109418169.85999998
642,2022-11-21,Salas,812275453.6999999
643,2022-11-21,Agencias,108967589.44
644,2022-11-22,Salas,627463249.3800001
645,2022-11-22,Agencias,123101314.29999998
646,2022-11-23,Salas,780357051.4799999
647,2022-11-23,Agencias,130432503.64999999
648,2022-11-24,Salas,749902922.4900001
649,2022-11-24,Agencias,128911943.31000002
650,2022-11-25,Salas,689589128.2799999
651,2022-11-25,Agencias,113628055.08999999
652,2022-11-26,Salas,769308939.4000001
653,2022-11-26,Agencias,119455217.07999998
654,2022-11-27,Salas,792476110.7
655,2022-11-27,Agencias,117647742.27000001
656,2022-11-28,Salas,793887310.0699999
657,2022-11-28,Agencias,116583832.46
658,2022-11-29,Salas,764612150.8300003
659,2022-11-29,Agencias,130485081.09999993
660,2022-11-30,Salas,868543791.7900001
661,2022-11-30,Agencias,142855784.26999995
662,2022-12-01,Salas,791076878.1600001
663,2022-12-01,Agencias,129852028.25999998
664,2022-12-02,Salas,718801277.9599999
665,2022-12-02,Agencias,122048883.27
666,2022-12-03,Salas,625195105.3100002
667,2022-12-03,Agencias,120041210.11000003
668,2022-12-04,Salas,623721715.0400001
669,2022-12-04,Agencias,122193277.96000001
670,2022-12-05,Salas,622415192.8199999
671,2022-12-05,Agencias,121821575.92
672,2022-12-06,Salas,621640461.61
673,2022-12-06,Agencias,122256732.68999998
674,2022-12-07,Salas,918291695.66
675,2022-12-07,Agencias,143544266.16
676,2022-12-08,Salas,1039869398.3
677,2022-12-08,Agencias,138048017.25
678,2022-12-09,Salas,1046825397.8399998
679,2022-12-09,Agencias,128292048.49
680,2022-12-10,Salas,932857288.2599998
681,2022-12-10,Agencias,123978036.05000003
682,2022-12-11,Salas,935934840.8199998
683,2022-12-11,Agencias,124808308.96000002
684,2022-12-12,Salas,940358346.4999998
685,2022-12-12,Agencias,126160659.05000004
686,2022-12-13,Salas,728554308.9400003
687,2022-12-13,Agencias,149727110.20000002
688,2022-12-14,Salas,920541500.94
689,2022-12-14,Agencias,147846846.82999998
690,2022-12-15,Salas,916721211.2500001
691,2022-12-15,Agencias,126875439.02000003
692,2022-12-16,Salas,823153299.8400002
693,2022-12-16,Agencias,128874883.91999999
694,2022-12-17,Salas,700517560.8200003
695,2022-12-17,Agencias,115611359.28
696,2022-12-18,Salas,711760750.9399997
697,2022-12-18,Agencias,140268052.33999997
698,2022-12-19,Salas,717044205.9100001
699,2022-12-19,Agencias,144203283.51999995
700,2022-12-20,Salas,1126751673.1000006
701,2022-12-20,Agencias,129649359.82999998
702,2022-12-21,Salas,936763331.22
703,2022-12-21,Agencias,114300026.44
704,2022-12-22,Salas,1008875664.3399999
705,2022-12-22,Agencias,135274595.53999996
706,2022-12-23,Salas,819092155.1099999
707,2022-12-23,Agencias,139871875.91000003
708,2022-12-24,Salas,1120978435.3899994
709,2022-12-24,Agencias,122509938.33
710,2022-12-25,Salas,1176165918.3699994
711,2022-12-25,Agencias,142681134.65999997
712,2022-12-26,Salas,1176165918.3699994
713,2022-12-26,Agencias,142681134.65999997
714,2022-12-27,Salas,1014824198.2299997
715,2022-12-27,Agencias,162852216.08
716,2022-12-28,Salas,1042028674.56
717,2022-12-28,Agencias,153649126.11
718,2022-12-29,Salas,1007573054.0900002
719,2022-12-29,Agencias,135355254.73
720,2022-12-30,Salas,1065927017.0399998
721,2022-12-30,Agencias,136071780.65999997
722,2022-12-31,Salas,1031368379.9600004
723,2022-12-31,Agencias,135909780.17999998
724,2023-01-01,Salas,1091418564.5099995
725,2023-01-01,Agencias,136934707.15
726,2023-01-02,Salas,1091418564.5099995
727,2023-01-02,Agencias,136934707.15
728,2023-01-03,Salas,1024958683.0799998
729,2023-01-03,Agencias,151432502.25999996
730,2023-01-04,Salas,993981892.5099996
731,2023-01-04,Agencias,144134930.70000002
732,2023-01-05,Salas,908528178.15
733,2023-01-05,Agencias,126732948.80999997
734,2023-01-06,Salas,925792382.1000003
735,2023-01-06,Agencias,147953550.08
736,2023-01-07,Salas,862412856.0699999
737,2023-01-07,Agencias,131532068.76999997
738,2023-01-08,Salas,896424874.3299999
739,2023-01-08,Agencias,127765941.77
740,2023-01-09,Salas,897962992.3199999
741,2023-01-09,Agencias,126847114.02
742,2023-01-10,Salas,832093103.2799996
743,2023-01-10,Agencias,139808150.97999996
744,2023-01-11,Salas,826939600.87
745,2023-01-11,Agencias,163212579.71999997
746,2023-01-12,Salas,863811999.4599999
747,2023-01-12,Agencias,149455760.51999998
748,2023-01-13,Salas,876835692.0300002
749,2023-01-13,Agencias,151667429.65000004
750,2023-01-14,Salas,829665027.8199997
751,2023-01-14,Agencias,123076781.89999999
752,2023-01-15,Salas,861038332.9000001
753,2023-01-15,Agencias,123093853.05000001
754,2023-01-16,Salas,863543795.2599999
755,2023-01-16,Agencias,122370225.89
756,2023-01-17,Salas,765583620.7000003
757,2023-01-17,Agencias,129639503.88999999
758,2023-01-18,Salas,792078926.2699999
759,2023-01-18,Agencias,143963352.99
760,2023-01-19,Salas,822887715.0399998
761,2023-01-19,Agencias,147272517.07
762,2023-01-20,Salas,830451389.24
763,2023-01-20,Agencias,145559679.39000005
764,2023-01-21,Salas,752058478.3299998
765,2023-01-21,Agencias,107867900.82
766,2023-01-22,Salas,767937169.6899997
767,2023-01-22,Agencias,118330039.09000002
768,2023-01-23,Salas,770541091.7099996
769,2023-01-23,Agencias,117796847.21000001
770,2023-01-24,Salas,704542844.4799997
771,2023-01-24,Agencias,118822429.00000001
772,2023-01-25,Salas,792188951.0299996
773,2023-01-25,Agencias,134274407.71
774,2023-01-26,Salas,926341402.4700001
775,2023-01-26,Agencias,142030746.09
776,2023-01-27,Salas,945160737.36
777,2023-01-27,Agencias,130893907.76999997
778,2023-01-28,Salas,995568447.0899999
779,2023-01-28,Agencias,125095184.84000003
780,2023-01-29,Salas,1012139656.2699999
781,2023-01-29,Agencias,120817677.3
782,2023-01-30,Salas,1015753676.5999998
783,2023-01-30,Agencias,119725578.1
784,2023-01-31,Salas,858020786.7199999
785,2023-01-31,Agencias,140474947.71999997
786,2023-02-01,Salas,879915668.7899997
787,2023-02-01,Agencias,138494048.42
788,2023-02-02,Salas,869573912.2700003
789,2023-02-02,Agencias,134039394.43999997
790,2023-02-03,Salas,821530833.9900004
791,2023-02-03,Agencias,135741836.58
792,2023-02-04,Salas,762726806.3100003
793,2023-02-04,Agencias,117894898.48
794,2023-02-05,Salas,766501877.2800001
795,2023-02-05,Agencias,122800439.15999998
796,2023-02-06,Salas,766889418.1200004
797,2023-02-06,Agencias,120556906.00999996
798,2023-02-07,Salas,860411854.9499997
799,2023-02-07,Agencias,140413219.55
800,2023-02-08,Salas,906183072.9800001
801,2023-02-08,Agencias,148944816.61
802,2023-02-09,Salas,865874641.8300004
803,2023-02-09,Agencias,150450999.10000002
804,2023-02-10,Salas,821522426.8499999
805,2023-02-10,Agencias,161655729.79999998
806,2023-02-11,Salas,863660748.8000001
807,2023-02-11,Agencias,133456226.82999997
808,2023-02-12,Salas,898126454.1
809,2023-02-12,Agencias,136172061.28000003
810,2023-02-13,Salas,900365899.1199998
811,2023-02-13,Agencias,135790553.50000003
812,2023-02-14,Salas,899661240.55
813,2023-02-14,Agencias,144985977.97000003
814,2023-01-01,ATM,71575800.0
815,2023-01-02,ATM,69930800.0
816,2023-01-03,ATM,80520100.0
817,2023-01-04,ATM,82704000.0
818,2023-01-05,ATM,81072100.0
819,2023-01-06,ATM,71524000.0
820,2023-01-07,ATM,64502800.0
821,2023-01-08,ATM,66986500.0
822,2023-01-09,ATM,64178100.0
823,2023-01-10,ATM,64915800.0
824,2023-01-11,ATM,61027400.0
825,2023-01-12,ATM,58439800.0
826,2023-01-13,ATM,55414500.0
827,2023-01-14,ATM,53087500.0
828,2023-01-15,ATM,50050600.0
829,2023-01-16,ATM,47517800.0
830,2023-01-17,ATM,43674100.0
831,2023-01-18,ATM,44284200.0
832,2023-01-19,ATM,42476900.0
833,2023-01-20,ATM,37155000.0
834,2023-01-21,ATM,35086800.0
835,2023-01-22,ATM,35657500.0
836,2023-01-23,ATM,32790100.0
837,2023-01-24,ATM,30114800.0
838,2023-01-25,ATM,24764300.0
839,2023-01-26,ATM,21141800.0
840,2023-01-27,ATM,14570500.0
841,2023-01-28,ATM,12650800.0
842,2023-01-29,ATM,7711200.0
843,2023-01-30,ATM,4095100.0
844,2023-01-31,ATM,1451300.0
845,2023-02-01,ATM,1450300.0
846,2023-02-02,ATM,1450300.0
847,2023-02-03,ATM,1450300.0
848,2023-02-04,ATM,1450300.0
849,2023-02-05,ATM,1450300.0
850,2023-02-06,ATM,1450300.0
851,2023-01-01,Transporte,1312000.0
852,2023-01-02,Transporte,12133900.0
853,2023-01-03,Transporte,7641000.0
854,2023-01-04,Transporte,5992600.0
855,2023-01-05,Transporte,12406500.0
856,2023-01-06,Transporte,9357300.0
857,2023-01-07,Transporte,9661800.0
858,2023-01-08,Transporte,1987900.0
859,2023-01-09,Transporte,9131500.0
860,2023-01-10,Transporte,5502500.0
861,2023-01-11,Transporte,4598800.0
862,2023-01-12,Transporte,10102200.0
863,2023-01-13,Transporte,10627500.0
864,2023-01-14,Transporte,9526900.0
865,2023-01-15,Transporte,2907100.0
866,2023-01-16,Transporte,6212800.0
867,2023-01-17,Transporte,4962600.0
868,2023-01-18,Transporte,5827000.0
869,2023-01-19,Transporte,9198200.0
870,2023-01-20,Transporte,8393300.0
871,2023-01-21,Transporte,5817800.0
872,2023-01-22,Transporte,1138100.0
873,2023-01-23,Transporte,3714300.0
874,2023-01-24,Transporte,3266900.0
875,2023-01-25,Transporte,2231900.0
876,2023-01-26,Transporte,1782200.0
877,2023-01-27,Transporte,2651200.0
878,2023-01-28,Transporte,1056900.0
879,2023-01-29,Transporte,152100.0
880,2023-01-30,Transporte,191400.0
